PCNum,App_ID,Yr,FarmName,CurrentNVNum,FarmAddCity,Email,FarmAddZip,Production,Crops
197,2290,2021,Yamamoto Farms,1001,Reno,douglas@daytonvalleyturf.com,89511,"Produce, Forage, Hydroponics, Bees, ","Cucumber, Herbs, Pepper-hot, Pepper-Sweet, Pea, Tomato, Garlic-Elephant, Pumpkin, Microgreens, Squash, Radish, Spinach, Basil, Chard, Corn, Shallots, Sunflower, Beet, Kale, "
1124,2289,2021,"Paper Stacks, LLC",,PAHRUMP,kozueseo@gmail.com,89060,"Goats, Produce, Agritourism, Hydroponics, Aeroponics, Eggs, ","Watermelon, Pumpkin, Tomato, Pepper-hot, Cantaloupe, Corn, Pepper-Bell, Papaya, Sugar Cane, Sweet potato, Gourd, Luffa, Okra, Eggplant, Basil, Squash, Cucumber, Melon, Peanut, Zucchini, Green Beans, Turnip, Brussels Sprouts, Beet, Onion, Potato, Kale, Radicchio, Carrot, Collard Greens, Leeks, Radish, Microgreens, "
1560,2283,2021,Bennyâ€™s Backyard Barn,,Pahrump,brianandjackiec@yahoo.com,89048,"Goats, Sheep, Poultry, Eggs, ",
1559,2282,2021,Moapa Valley Corn Maze,,Moapa,Moapamaze@gmail.com,89025,"Cattle, Goats, Sheep, Dairy, Swine, Produce, Grains, Agritourism, Certified Organic, Poultry, Bees, ","Pumpkin, Melon, Corn, "
243,2273,2021,Deb's Mini Farm,WAGETER18,Pahrump,debsminifarm2016@gmail.com,89060,"Produce, Eggs, ","Artichoke, Apricot, Kale, Beet, Carrot, Celery, Chili pepper, Chives, Cucumber, Cut flowers, Garlic Chives, Garlic-Hardneck, Green Beans, Eggplant, Herbs, Kohlrabi, Lettuce, Okra, Pea, Pepper-hot, Pomegranate, Pumpkin, Purslane, Radish, Squash, Strawberry, Tomatillo, Spinach, Tomato, winter squash, Zucchini, "
301,2272,2021,Pahrump Honey Co.,CHARDON18,Pahrump,cboix@live.com,89061,"Bees, ",
1546,2267,2021,Desert Stream Farm,,Gardnerville,desertstreamfarm@gmail.com,89410,"Produce, Poultry, Eggs, ","Arugula, Asian Greens , Asparagus, Baby Arugula, Baby Bak Choy, Baby Red Russian Kale, Bak Choi, Basil, Beans (harvested green, Beet, Beet greens, Broccoli, Carrot, Cauliflower, Cabbage, Chives, Cantaloupe, Cilantro, Corn, Collard Greens, Cucumber, Dill, Eggplant, Fennel, Garlic-Elephant, Garlic-Hardneck, Garlic-Softneck, Ginger, Green Onions, Jalapeno, Kabocha, Kohlrabi, Leeks, Lettuce-Blend/mix, Lettuce-Head, Lettuce-Romaine, Microgreens, Mustard Greens, Mint, Onion, Pak Choi, Parsley, Pea, Pepper-Sweet, Pepper-hot, Pepper-Bell, Potato-Fingerling, Potato-Purple, Sweet potato, Potato-Russet, Pumpkin, Radish, Spinach, Squash, Tatsoi, Tomato, Turnip, Watermelon, Zucchini, "
1544,2265,2021,Good Stewards,,Reno,jesussvz@yahoo.com,89510,"Goats, Swine, Poultry, Eggs, ",
1543,2264,2021,Good Stewards,,Reno,jesussvz@yahoo.com,89436,"Goats, Swine, Poultry, Eggs, ",
380,2263,2021,Hardisty Farms,380,Fallon,garrison.hardisty@gmail.com,89406,"Cattle, Goats, Sheep, Dairy, Swine, Produce, Grains, Forage, Floriculture, Vitaculture, Poultry, Eggs, ","Beet, Beans (harvested green, Baby Bak Choy, Brussels Sprouts, Baby Scarlet Kale, Baby Red Russian Kale, Cabbage, Chili pepper, Pepper-Bell, Pepper-Sweet, Squash, Zucchini, Tomato, Carrot, Eggplant, Cucumber, Watermelon, Cherry, Almonds, Apricot, Beet, Petite Pumpkin Green, Onion, Corn, Melon, Garlic-Softneck, Potato-Red, Potato-Fingerling, Potato-Russet, Potato-Yellow, Chard, Tomatillo, Apple, Pear, Nectarines, Rhubarb, Grape, Edible Flowers, Cut flowers, Sunflower, Turnip, Cantaloupe, Herbs, Radish, Blackberries, Crookneck, "
1534,2254,2021,Lambert Farm,,Reno,Lambertfarmreno@gmail.com,89510,"Produce, ","Pumpkin-Carving, "
1528,2248,2021,The Bramble Farm,,Spanish Springs,Brian.markowski@gmail.com,89441,"Produce, Eggs, Bees, ","Beet, Basil, Lettuce-Blend/mix, "
144,2247,2021,BLOOMIN' DESERT HERB FARM,GIBSRAN-18,HENDERSON,bloomindesert1@yahoo.com,89002,"Produce, ","Asparagus, Basil, Nasturtium, Calendula, Chamomile, Dill, Lemon Balm, Fennel, Sorrel, Cut flowers, Garlic-Softneck, Lavender, Tomato, Stevia, Cauliflower, Pepper-hot, Eggplant, Pepper-Bell, Pepper-Sweet, Herbs, Carrot, Onion, Spinach, Okra, Parsley, Sunflower, Chard, Pumpkin, Cabbage, Lemongrass, Peach, "
1527,2246,2021,Sunburst plant Nursery ,,Spring Creek,samuelswisher0@gmail.com,89801,"Floriculture, ","Annual, "
1526,2245,2021,Biggest Little Microgreens,,RENO,BiggestLittleMicrogreens@gmail.com,89503,"Produce, ","Microgreens, "
1525,2244,2021,Western Aquaponics LLC,,Las Vegas,alvinchen@westernaquaponics.com,89147,"Produce, Aquaculture, Hydroponics, ","Cilantro, Basil, Lettuce-Romaine, "
442,2243,2021,Parkin Family Farms,PARKCHA-17,Las Vegas,CParkin@ParkinGroup.net,89146-5344,"Poultry, Eggs, ",
1524,2242,2021,Rodney Mehring,,Caliente,rodneydm2003@yahoo.com,89008,"Produce, Agritourism, ","Lettuce-Blend/mix, Beet, Turnip, Spinach, Tomato, Cucumber, Strawberry, Green Beans, Pumpkin-Carving, Cabbage, Potato-Purple, Pepper-Bell, Pepper-hot, Green Onions, Lettuce-Romaine, Onion, Watermelon, Cantaloupe, "
1523,2241,2021,Rosedale,,Yerington ,kimzink@yahoo.com,89447,"Eggs, ",
279,2240,2021,Silver Sage Honey,Nealama-18,Springcreek,Silversagehoney@hotmail.com,89815,"Bees, ",
742,2237,2021,Macondo Farm,742,Reno,adrianna.marinn@gmail.com,89511,"Produce, Eggs, ","Apple, Pear, Peach, Cilantro, Mint, Herbs, Grape, Lavender, Mint, Cherry, Garlic-Elephant, "
1518,2233,2021,kirk farm,1518,Pahrump,kirk_dwight@yahoo.com,89060,"Produce, ","Tomato, Kale, Cucumber, Eggplant, Squash, "
327,2230,2021,Desert Bloom Eco Farm,ANDRCL-18,Pahrump,claudia.andracki@gmail.com,89061,"Produce, Eggs, Bees, ","Arugula, Asparagus, Baby Arugula, Baby Green Sorrel, Baby Red Russian Kale, Banana, Basil, Beet, Broccoli, Broccolini, Cabbage, Calendula, Cantaloupe, Carrot, Celery, Chamomile, Chard, Chicory, Chives, Cilantro, Crookneck, Cucumber, Edible Flowers, Eggplant, Fennel, Garlic Chives, Garlic-Hardneck, Garlic-Softneck, Grape, Green Incised, Green Oak Leaf, Herbs, Indeterminate, Jalapeno, Kale, Kohlrabi, Lavender, Lemongrass, Lollo, Melon, Nasturtium, Onion, Parsley, Patty pan, Pea Shoots, Pepper-Bell, Pepper-hot, Pepper-Sweet, Petite Red Kitten Spinach, Petite Red Vein Sorrel, Pomegranate, Purslane, Radish, Red Lollo Rossa, Shiso, Spinach, Sunflower, Squash, Squash Blossoms, Tomato, Turnip, Various Greens, Watermelon, Zucchini, Lettuce-Blend/mix, Strawberry, "
420,2228,2021,Bees4Vets,,Reno,ginger@bees4vets.org,89502,"Bees, ",
1515,2227,2021,Bunches and Bunches flower farm,,Gardnerville ,bunchesandbunchesflowerfarm@yahoo.com,89460,"Floriculture, ","Cut flowers, "
1514,2226,2021,Rural Health and Nutrition Initiative,,Dayton,cortney@hcclsc.org,89403,"Produce, ","Tomato, Arugula, Beans (harvested green, Beet, Broccoli, Brussels Sprouts, Cabbage, Carrot, Cauliflower, Chives, Cucumber, Pepper-hot, Pepper-Sweet, Kale, Lettuce, Okra, Parsnip, Pea, Radicchio, Shiso, Spinach, Squash, Chard, Tomatillo, Watermelon, Basil, Cilantro, Parsley, Calendula, Nasturtium, Strawberry, "
1504,2215,2021,Boland Urban Farm,,Reno,oswshroomery@gmail.com,89509,"Produce, ","Mushrooms , "
858,2200,2021,Petals and Pages Flower Farm LLC,858,Fernley,hello@petalsandpagesflowers.com,89408,"Floriculture, ","Cut flowers, "
448,2196,2021,Flying Kat Ranch LLC,918,Gardnerville,doornailw@gmail.com,89460,"Agritourism, Floriculture, Bees, ","Lavender, "
1487,2195,2021,Biggest Little Farm,,Reno,lisa4461@gmail.com,89519,"Produce, Eggs, ","Apple, Beet, Blackberries, Broccoli, Cucumber, Lettuce, Raspberry-Red, "
1484,2191,2021,Robert Dexter,,Fallon,dexterfarms@hotmail.com,89406,"Produce, ","Alfalfa, Cantaloupe, Corn, Jalapeno, Kabocha, Pepper-Sweet, Pumpkin, Tomato, winter squash, "
1143,2190,2021,Holley Family Farms,,Dayton,holleyfamilyfarms@yahoo.com,89403,"Cattle, Sheep, Swine, Produce, Certified Organic, Eggs, ","Arugula, Spinach, Chard, Lettuce, Kale, Tomato, Pepper-Sweet, Radish, Pepper-hot, Squash, Beans (harvested green, Garlic-Softneck, Eggplant, Carrot, "
896,2189,2021,High Sierra Microgreens,KELLLUK,Reno,highsierramicrogreens@hotmail.com,89511,"Produce, ","Microgreens, "
1480,2185,2021,Shelly's Lavender Farm,,SANDY VALLEY,shellyfox068@aol.com,89019,"Produce, Floriculture, Eggs, ","Herbs, Lavender, Mint, "
211,2181,2021,Down the Mountain Farmstead,SEGOWE-19,Gerlach ,downthemountainfarmstead@gmail.com,89142,"Cattle, Goats, Swine, Produce, Vitaculture, Poultry, Eggs, ","Arugula, Broccoli, Chard, Herbs, Kale, Kohlrabi, Pea, Radish, Spinach, Beet, Corn, Cucumber, Eggplant, Garlic-Hardneck, Leeks, Onion, Squash, Tomato, Cucumber, Kale, Chard, Lettuce, Squash, Zucchini, Corn, Potato, Squash, Apple, Collard Greens, Pumpkin, Grape, Pak Choi, "
412,2178,2021,Sierra Nevada Homestead,,Minden,ssnlrdotts@gmail.com,89423,"Eggs, Bees, ",
1475,2177,2021,SUKIE'S MICROGREEN FARMETTE ,,SPARKS ,sukiesmicrogreenfarmette@gmail.com,89431,"Produce, ","Arugula, Basil, Broccoli, Cabbage, Cilantro, Daikon, Kale, Sunflower Greens, Mustard Greens, Microgreens, "
237,2174,2021,MisBeeHaven Farm,239,Dayton,beekeeperhaven@gmail.com,89403,"Produce, Bees, ","Tomato, Green Onions, Zucchini, Parsley, "
1468,2169,2021,702Greens,,Las Vegas,shaans012@gmail.com,89102,"Produce, Grains, ","Pea Shoots, Sunflower, Radish, Bak Choi, Amaranth, "
428,2168,2021,2 Raven Farms,,Fallon,sammonski@yahoo.com,89406,"Forage, Floriculture, ","Pepper-hot, Tomato, Cut flowers, Herbs, winter squash, Peach, Apple, Apple, Jerusalem Artichoke, "
1467,2167,2021,No BS Farm,,Fernley,alwayssmile58@gmail.com,89408,"Produce, Eggs, ","Tomato, Watermelon, Pepper-Bell, Cucumber, Zucchini, Basil, "
407,2164,2021,Park Farm,407,Reno,info@renofoodsystems.org,89509,"Produce, Agritourism, ","Tomato, Cucumber, winter squash, Pumpkin, Zucchini, Beans (harvested green, Pepper-hot, Eggplant, Basil, Kale, Chard, Cabbage, Collard Greens, Tomatillo, Arugula, Beet, Carrot, Parsnip, Turnip, Potato, Radish, Squash, Mustard Greens, Asian Greens , Herbs, Cut flowers, Pepper-Bell, Pepper-hot, Pepper-Sweet, Garlic-Hardneck, Garlic-Softneck, Onion, "
312,2163,2021,Rusty Skillet Ranch,CHAMJAC-18,Reno,jaci@rustyskilletranch.com,89508,"Poultry, Eggs, Bees, ",
1464,2162,2021,Big Horn Farm and Flower Ranch,,Pahrump,kimkchristi@gmail.com,89061,"Produce, Floriculture, Eggs, ","Asian Greens , Arugula, Basil, Beet, Bak Choi, Beans (harvested green, Carrot, Eggplant, Cucumber, Lettuce-Blend/mix, Tomato, Herbs, Pepper-Bell, Radish, Okra, Squash, Pepper-hot, Microgreens, Spinach, Turnip, "
809,2159,2021,509 Flowers,,Reno,dmerrielle@gmail.com,89509,"Floriculture, ","Cut flowers, "
1461,2158,2021,Peak Honey Co.,,Pahrump ,rodrigaa702@gmail.com,89061,"Bees, ",
1459,2154,2021,Horseshoe Homestead,,Las Vegas,adek98226@yahoo.com,89120,"Eggs, ",
1457,2152,2021,Vegas Valley Mushrooms,,North Las Vegas,Vegasvalleymushrooms@gmail.com,89031,"Produce, ","Mushrooms , "
758,2150,2021,Gardenzilla Produce,758,Spring Creek,GardenzillaProduce@gmail.com,89815,"Produce, ","Zucchini, Arugula, Asparagus, Asian Greens , Baby Arugula, Baby Bak Choy, Baby Red Russian Kale, Bak Choi, Basil, Beans (harvested green, Beet, Artichoke, Broccoli, Brussels Sprouts, Cabbage, Cantaloupe, Carrot, Cauliflower, Celery, Chard, Chili pepper, Chinese Cabbage, Chives, Cilantro, Cool Season Legumes, Corn, Cucumber, Dill, Endive - Frisee, Escarole, Endive, Fennel, Garlic Chives, Garlic-Elephant, Garlic-Hardneck, Garlic-Softneck, Gherkin, Gourd, Green Beans, Green Butterhead Lettuce, Green Oak Leaf, Green Onions, Greenhouse, Lettuce-Green leaf , Microgreens, Mustard Greens, Various Greens, Pickling , Lettuce-Blend/mix, Lettuce-Red leaf, Lettuce-Iceberg, Lettuce-Romaine, Herbs, Heirloom, Jalapeno, Kale, Kohlrabi, Leeks, Luffa, Melon, Mint, Onion, Parsley, Pea, Pepper-Bell, Pepper-hot, Pepper-Sweet, Potato, Pumpkin, Spinach, Radish, Scallion, Shallots, Squash, winter squash, Sprouts, Tomato, Tomatillo, Turnip, Watermelon, "
1242,2147,2021,Homestead Farm,,Pahrump,willbond4512@Yahoo.com,89048,"Produce, ","Pomegranate, Pumpkin, Watermelon, Cantaloupe, Tomato, Potato, Lettuce, Onion, Microgreens, Squash, Chard, "
1155,2145,2021,"Wade Workman, Workman Farms",1155,Fallon,workmanfarmsproduce@yahoo.com,89406,"Produce, Floriculture, Eggs, ","Cantaloupe, Cucumber, Green Beans, Apricot, Basil, Watermelon, Pepper-Bell, Pepper-Sweet, Pepper-hot, Dill, Onion, Tomato, Corn, Eggplant, Potato, Cilantro, Squash, Chard, Melon, Garlic-Hardneck, Garlic-Softneck, Strawberry, Rhubarb, Pumpkin, Beet, Lettuce, Cherry, Herbs, Cut flowers, "
1453,2144,2021,Yellow Cat Farms LLC,,Yerington,searbydonna@gmail.com,89447,"Produce, ","Beans (harvested green, Tomatillo, Chard, Tomato, Onion, Pepper-hot, Corn, "
26,2140,2021,Fisk Farm,FISKSTA,Fallon,fiskstacy@yahoo.com,89406,"Produce, Bees, ","Herbs, Oats, Calendula, Parsley, Cilantro, Lemon Balm, Chamomile, Basil, Dill, Garlic Chives, Chives, Lavender, Beans (dry, edible for grains), Potato-Red, Potato-Yellow, Potato-White, Tomato, Melon, "
1449,2138,2021,Blue Lobster Farm,,Las Vegas,kathleenbrookins@yahoo.com,89115,"Aquaculture, ",
461,2135,2021,north valley sunshine farm,DESTTER-17,Reno ,josephd@unr.edu,89506,"Produce, ","Tomato, Cucumber, Apple, Asparagus, Baby Red Russian Kale, Basil, Beet, Carrot, Chives, Dill, Edible Flowers, Garlic-Hardneck, Horseradish, Jerusalem Artichoke, Lavender, Onion, Pea, Pepper-hot, Potato, Pumpkin, Squash, Watermelon, Melon, Radish, Sunflower, "
1445,2132,2021,Desert Rose,,Las Vegas,caseywiesel@me.com,89166,"Produce, ","Garlic-Softneck, "
159,2131,2021,"Tahoe Living Greens, LLC",JOHNRIC,Reno,tahoelivinggreens@gmail.com,89511,"Produce, Hydroponics, ","Microgreens, Microgreens, "
546,2124,2021,Flying Bee Ranch,,Reno,lloydrpearson@gmail.com,89521,"Bees, ",
228,2122,2021,Cherry Dog Orchards,SWEETER18,Fallon,karen@redcarpetdmc.com,89406,"Produce, Eggs, ","Apple, Grape, Peach, Plum, Apricot, Raspberry-Black, Raspberry-Red, Tomato, Pepper-hot, Cucumber, Squash, Cherry, "
499,2117,2021,KikkinJ Farms,464,Stagecoach,kikkinj@aol.com,89429,"Produce, Eggs, ","winter squash, Tomato, Cucumber, Beans (harvested green, Tomatillo, "
1436,2116,2021,MaGee Urban Farm,,Pahrump,pcfcblue@yahoo.com,89048,"Produce, ","Tomato, Okra, Cucumber, Pepper-Bell, "
1435,2115,2021,Los Pobres,,Winnemucca,chavezfamilia9401@outlook.com,89445,"Sheep, Swine, Produce, Poultry, Eggs, ","Bean, Herbs, Potato, Tomato, Tomatillo, Cucumber, Carrot, Chili pepper, Jalapeno, Edible Flowers, Onion, Garlic-Softneck, Zucchini, winter squash, Radish, Sweet potato, "
1126,2114,2021,AAH Gardens,1590,Pahrump,BFF@bestfriendsfarms.com,89060,"Produce, Floriculture, ","Luffa, Watermelon, Cantaloupe, Melon, Tomato, Cucumber, Chili pepper, Honeydew, Jalapeno, Herbs, Mushrooms , Other, "
293,2113,2021,Ogan Family Farm,ogannan-18,Wellington,oganfamilyfarm@aol.com,89444,"Goats, Dairy, Swine, Produce, Floriculture, Poultry, Eggs, Bees, ","Beet, Herbs, Broccoli, Cabbage, Cauliflower, Corn, Cucumber, Kale, Kohlrabi, Leeks, Lettuce, Melon, Onion, Pea, Chili pepper, Pumpkin, Spinach, Chard, Tomato, Garlic-Hardneck, Jerusalem Artichoke, Carrot, Radish, Potato, Squash, Shallots, "
147,2109,2021,Victorian Gardens,VANSLES-18,Las Vegas ,vansclm@nv.ccsd.net,89148,"Produce, ","Apple, Artichoke, Asparagus, Beans (harvested green, Beet, Broccoli, Cabbage, Carrot, Cauliflower, Chard, Collard Greens, Kale, Garlic-Hardneck, Dill, Herbs, Kohlrabi, Lavender, Lettuce, Melon, Orange, Onion, Peach, Potato, Pumpkin, Radish, Raspberry-Black, Spinach, Strawberry, Sunflower, Sweet potato, Turnip, Tomato, Watermelon, Zucchini, Grape, Plum, Apricot, "
314,2108,2021,D & D Farm,GAYDEB-18,Winnemucca,debbie.gay@sbcglobal.net,89445,"Produce, Eggs, ","Jalapeno, Basil, Zucchini, Cucumber, Squash, Pepper-Bell, Watermelon, Cauliflower, Broccoli, Cantaloupe, Tomato, "
1164,2106,2021,Shaka Roots,,NORTH LAS VEGAS,gratitude.prosperity7@gmail.com,89031-3603,"Produce, ","Microgreens, Radish, Sunflower Greens, Kohlrabi, Arugula, Mustard Greens, Alfalfa, Kale, Pea Shoots, Broccoli, Wheatgrass, Buckwheat, "
1219,2103,2021,Blair's Family Farm,1736,Fallon,george.blair@gmail.com,89406,"Produce, Poultry, Eggs, ","Blackberries, Blueberries, Cherry, Pear, Cantaloupe, Tomato, Apple, "
517,2101,2021,Cluck It Farm,,Las Vegas,amanda@cluckitfarmlv.com,89130,"Produce, Eggs, ","Corn, Tomato, Okra, Squash, Eggplant, Beans (harvested green, Pepper-Bell, Pepper-hot, Carrot, Lettuce-Blend/mix, Microgreens, Spinach, Radish, "
289,2100,2021,Andelin Family Farm,ANDENAT,Sparks,andelinfamilyfarm@gmail.com,89436,"Produce, Agritourism, Eggs, ","Carrot, Pea, Beans (harvested green, Cilantro, Cabbage, Cantaloupe, Corn, Tomato, Pepper-Bell, Watermelon, Squash, winter squash, Gourd, Pumpkin-Carving, Pumpkin-Pie, Onion, Potato, "
1227,2098,2021,Brunningwood Homestead,1227,Silver Springs,brunningwood@gmail.com,89429,"Goats, Swine, Poultry, Eggs, ",
261,2097,2021,From The Earth,926,Independence Valley,behicks11@gmail.com,89835,"Eggs, ",
1159,2095,2021,Sterling Farms,1636,Reno,jls_schedules@yahoo.com,89511,"Produce, Hydroponics, ","Basil, Tomato, "
1137,2091,2021,Appily Ever After Farms,,Yerington,Leannaraemoore@gmail.com,89447,"Goats, Produce, Floriculture, Poultry, Eggs, ","Apple, Apricot, "
730,2088,2021,Garden Farms of Nevada LLC,1430,North Las Vegas,bryan@gardenfarms.net,89031,"Produce, ","Apricot, Apple, Arugula, Tomato, Beet, Beans (harvested green, Asparagus, Baby Bak Choy, Broccoli, Artichoke, Herbs, Various Greens, Cabbage, Melon, Carrot, Cauliflower, Celery, Cool Season Legumes, Corn, Cucumber, Cut flowers, Eggplant, Garlic-Hardneck, Garlic-Softneck, Onion, Parsnip, Pepper-Bell, Pepper-hot, Pepper-Sweet, Radish, Rutabaga, Squash, Strawberry, Sweet potato, Tomatillo, Turnip, Zucchini, Peach, Grape, Lemons, Grapefruit, Nectarines, Fig, Orange, Kumquat, Mandarin, "
379,2087,2021,Rebel Pioneer ,connmol-18,Reno,dzhfamily2012@gmail.com,89508,"Eggs, ",
1068,2084,2021,7R Producers LLC,,Tuscarora,7rproduce@gmail.com,89834,"Produce, ","Apple, Collard, Spinach, Kale, Swiss, Cabbage, Radish, Beet, Lettuce, Carrot, Onion, Pepper-Bell, Squash Blossoms, Pea, Corn, "
356,2082,2021,ou nuts,OUMEI-18,Pahrump,rthaxton@pahrump.net,89060,"Produce, ","Almonds, Apple, Apricot, Blackberries, Chili pepper, Jujube Tree, Cucumber, Eggplant, Gourd, Grape, Herbs, Lime, Loquat, Mandarin, Melon, Nectarines, Peach, Pear, Pistachio, Plum, Pomegranate, Pumpkin-Specialty, Squash, Pepper-Sweet, Sweet potato, Tomato, Tomatillo, Zucchini, Artichoke, Bay Laurel Tree, Beans (harvested green, Beans (dry, edible for grains), Beet, Cantaloupe, Carrot, Cherry, Corn, Fig, Garlic-Hardneck, Garlic Chives, Garlic-Elephant, Lettuce, Okra, Onion, Pak Choi, Pea, Pecan Tree, Radish, Daikon, Asian Melon, "
746,2078,2021,Sassy Jack's ,1021,Carson City,jacki@sassyjacksbeetique.com,89701,"Bees, ",
1426,2077,2021,High Sierra Farm,,washoe valley,sar-2112@hotmail.com,89704,"Eggs, ",
845,2076,2021,Jiji's Farm,1530,Wellington ,mrsrie63@msn.com,89444,"Produce, Bees, ","Apple, Apricot, Blackberries, Blueberries, Boysenberry, Raspberry-Red, Cherry, Grape, Nectarine, Peach, Pear, Persimmon, Plum, Strawberry, "
138,2075,2021,Pick'n and Grin'n Produce Stand,138,Fallon ,l2051p@yahoo.com,89406,"Produce, ","Lettuce, Chard, Radish, Beet, Cucumber, Fennel, Onion, Squash, Tomato, Turnip, Watermelon, Cantaloupe, Beans (harvested green, Pepper-Bell, Pepper-hot, Parsley, Garlic-Softneck, Scallion, Rhubarb, Asparagus, Broccoli, Baby Red Russian Kale, Chard, Fennel, Carrot, Green Beans, Pea, Onion, Green Onions, Shallots, Various Greens, Spinach, Arugula, Chinese Cabbage, Cabbage, Parsley, Melon, Cantaloupe, Tomato, Corn, Tomatillo, Brussels Sprouts, Beet, Pepper-Bell, Chili pepper, Pepper-hot, Pepper-Sweet, Squash, winter squash, Jerusalem Artichoke, Cucumber, Watermelon, Radish, Garlic-Softneck, Dill, Turnip, Eggplant, "
788,2073,2021,Hilltop Farm,788,Virginia City,hilltopfarmnv@hotmail.com,89440,"Swine, Produce, Poultry, Eggs, Bees, ","Cabbage, Kale, Eggplant, Lettuce, Mustard Greens, Okra, Pepper-hot, Pepper-Sweet, Tomato, Cucumber, Squash, winter squash, Onion, Garlic-Softneck, Chives, Pumpkin, Chard, Sweet potato, Potato, Basil, Parsley, "
971,2072,2021,Loco Sano Greens LLC ,971,Las Vegas,locosanogreens@gmail.com,89123,"Produce, ","Alfalfa, Amaranth, Baby Bak Choy, Bak Choi, Baby Red Russian Kale, Beet greens, Broccoli, Cantaloupe, Celery, Chard, Cilantro, Corn Shoots, Chives, Kale, Kohlrabi, Microgreens, Mizuna, Mustard, Onion, Pea Shoots, Purslane, Radish, Shiso, Various Greens, Asian Greens , Wheatgrass, Sunflower Greens, Lettuce, "
87,2071,2021,Great Basin Eggs,BURKSEA-19,Reno,sboyinreno@yahoo.com,89506,"Eggs, ",
1092,2070,2021,Heidi Thompson,1092,Wellington,mysteryetching@yahoo.com,89444-9329,"Cattle, Goats, Produce, Hydroponics, Eggs, ","Tomato, Kale, Spinach, Cucumber, Green Onions, Zucchini, Patty pan, Pumpkin, winter squash, Herbs, Green Beans, Cabbage, Bak Choi, Basil, "
1161,2068,2021,Caridad Gardens,1161,Las Vegas,merideth@caridadcharity.com,89101,"Hydroponics, ","Radish, Kale, Lettuce-Butterhead, Basil, Mint, "
404,2066,2021,Oasis Valley Orchard,PEERALE-18,Overton,oasisvalleyorchard@gmail.com,89040,"Produce, ","Pomegranate, Mullberry, Mullberry, Apricot, Apple, Pistachio, Grape, "
740,2065,2021,UNCE Research Center & Demonstration Orchard,UNCE-18,North Las Vegas,lvmastergardeners@gmail.com,89131,"Produce, Agritourism, Hydroponics, Vitaculture, Bees, ","Almonds, Apple, Apricot, Dates, Fig, Grape, Mullberry, Nectarines, Peach, Pear, Persimmon, Plum, Pomegranate, Cucumber, Garlic-Elephant, Garlic-Hardneck, Hops, Lettuce, Okra, Green Onions, Onion, Melon, Watermelon, Pepper-Bell, Pepper-hot, Pepper-Sweet, Chili pepper, Pumpkin, Squash, winter squash, Sweet potato, Radish, Tomato, Tomatillo, Spinach, Arugula, Kale, Chard, Turnip, Carrot, Artichoke, Asparagus, Beet, Parsnip, Herbs, Lemongrass, Beans (harvested green, Broccoli, Cauliflower, Cabbage, Collard Greens, Corn, Eggplant, Jujube Tree, "
681,2064,2021,Reno Living Microgreens,,Reno,charlenej@charter.net,89509,"Hydroponics, ","Microgreens, "
973,2063,2021,The Prickly Poppy ,,Reno,Kelkeldesigns@gmail.com,89511,"Produce, ","Herbs, "
761,2060,2021,Ruskamp-White Residence,761,Las Vegas,donaldjwhite@gmail.com,89143,"Produce, Vitaculture, ","Lemons, Grape, Apple, "
411,2058,2021,Four Stones Farm,FEATJOH,Spring Creek,fourstonesfarm@gmail.com,89815,"Produce, Floriculture, ","Rhubarb, Sunflower, Patty pan, Dill, Jalapeno, Horseradish, winter squash, Watermelon, Pumpkin, Tomato, Cucumber, Herbs, Plum, Cherry, Apple, Chard, Garlic-Hardneck, Zucchini, "
222,2056,2021,Lattin Farms LLC,,Fallon,lattinfarmsnevada@gmail.com,89406,"Produce, Agritourism, Floriculture, Eggs, ","Garlic-Softneck, Rhubarb, Herbs, Onion, winter squash, Pumpkin, Cucumber, Corn, Beans (harvested green, Okra, Gourd, Melon, Tomato, Tomatillo, Raspberry-Red, Blackberries, Pepper-Bell, Eggplant, Grape, Artichoke, Squash, Cut flowers, Walnut, Asparagus, "
1235,2053,2021,Desert Moon Farms,,Las Vegas,Admin@DesertMoonFarms.com,89030,"Produce, ","Mushrooms , "
856,2051,2021,QT Greens,856,Las Vegas,quiramtay@gmail.com,89106,"Produce, Hydroponics, ","Arugula, Broccoli, Beet greens, Cress, Kohlrabi, Leeks, Mustard Greens, Pea Shoots, Radish, Wheatgrass, Nasturtium, Amaranth, Basil, Cilantro, Brussels Sprouts, Sunflower Greens, Corn Shoots, Chard, "
170,2050,2021,Desert Farming Initiative,170,Reno,cschembre@cabnr.unr.edu,89512,"Produce, Certified Organic, Floriculture, Vitaculture, ","Kale, Pumpkin, Onion, Herbs, Eggplant, winter squash, Turnip, Zucchini, Radish, Melon, Tomato, Lettuce-Blend/mix, Raspberry-Red, Pepper-hot, Pepper-Sweet, Garlic-Hardneck, Beet, Cucumber, Chard, Carrot, Cabbage, Arugula, Broccoli, Potato, "
955,2048,2021,Enlightened Eateries and Services LLC,CLARJES,las vegas,jessicatravi0@gmail.com,89104,"Produce, Hydroponics, ","Microgreens, Mushrooms , Sprouts, Lettuce, Herbs, "
814,2047,2021,BraunDo Bees LLC,814,Reno,braundobees@gmail.com,89503,"Bees, ",
405,2044,2021,Olsen Farms,OLSEKEV-18,Pahrump,Olsenfarms10@yahoo.com,89048,"Produce, Certified Organic, ","Tomato, Squash, Melon, Mizuna, Arugula, Corn, Basil, Cucumber, Cilantro, Radish, Watercress, Shiso, Tatsoi, Amaranth, Mache, Herbs, Pea, Squash Blossoms, Lettuce, "
953,2042,2021,Sin City Greens,LINDMEL,Las Vegas,lindersmithmissy@gmail.com,89110,"Produce, ","Radish, Cilantro, Sunflower, Pea, Arugula, Wheatgrass, Alfalfa, Sprouts, Mustard, Kale, Pumpkin, "
1420,2041,2021,Blind Duck Homestead,,Silver Springs,blindduckhomestead@gmail.com,89429,"Produce, Floriculture, Eggs, ","Pepper-Bell, Tomato, Potato-Red, Potato-Yellow, Squash, Cucumber, Kale, Broccoli, Onion, Dill, Pumpkin-Pie, Green Beans, "
93,2040,2021,Somerset Academy Losee Garden,SOMEACA-18,North Las Vegas,ammie.frehner@somersetnv.org,89081,"Produce, ","Lemons, Orange, Lime, Apple, Grape, Artichoke, Raspberry-Black, Herbs, Watermelon, Okra, Eggplant, Pepper-Sweet, Tomato, Cut flowers, Squash, Cucumber, Asparagus, Beet, Broccoli, Cabbage, Carrot, Cauliflower, Garlic-Softneck, Kale, Lettuce, Mustard, Onion, Pea, Radish, Spinach, Artichoke, Arugula, Beans (harvested green, Bak Choi, Brussels Sprouts, Celery, Chard, Collard, Kohlrabi, Leeks, Rutabaga, Turnip, Cilantro, Parsley, Mustard Greens, Pomegranate, "
298,2037,2021,Rau Bees,1523,Fallon,Raubees@gmail.com,89406,"Goats, Bees, ",
101,2036,2021,"Snyder Livestock Company, Inc.",SNYDJIM-18,Yerington,punderwood@slcnv.com,89447,"Cattle, Produce, ","Garlic-Hardneck, Onion, "
1048,2033,2021,Smales Farms,1048,Pahrump,smalesfarms@gmail.com,89048,"Produce, Floriculture, Eggs, ","Cantaloupe, Beet, Basil, Broccoli, Brussels Sprouts, Carrot, Pepper-Bell, Pepper-hot, Tomato, Radish, Turnip, Cauliflower, Cucumber, Squash, Watermelon, Pumpkin, Honeydew, Onion, Green Onions, Eggplant, Pea, Potato-Russet, Lettuce-Blend/mix, Cut flowers, "
908,2031,2021,Black Market Veggies,,Las Vegas,BmvF702@gmail.com,89179,"Produce, Hydroponics, ","Alfalfa, Radish, Cabbage, Cilantro, Pea Shoots, "
554,2030,2021,Las Vegas Livestock,COMBKAT-18,Las Vegas,katie@lvlfarm.com,89165,"Swine, Poultry, Eggs, ",
46,2026,2021,"Reichardt Duck Farm, Inc",CHEDAGARY-18,Reno,rdfcfo@aol.com,89510,"Eggs, ",
897,2025,2021,Kim Elementary School Garden,,Las Vegas,crowlcj@nv.ccsd.net,89147,"Produce, ","Sunflower, Fennel, Dill, Kale, Arugula, Black-Eyed Pea, Mint, Cabbage, Baby Red Russian Kale, Mint, Baby Bak Choy, Arugula, Dill, Fennel, Parsley, "
1223,2019,2021,"Holy Shiitake, LLC",,RENO,Daniel@holyshiitake.farm,89521,"Produce, ","Mushrooms , "
251,2018,2021,Ecologica Farm,NAASEDI-18,Reno,edithnaas4@gmail.com,89521,"Produce, ","Chives, Herbs, Field pea, Cut flowers, Mint, winter squash, Microgreens, "
345,2017,2021,Al Bees Sierra Nevada Honey LLC,SINDALB,Reno,firebeeman@gmail.com,89521,"Bees, ",
447,2016,2021,Highland Farm,447,Caliente,cmlefevre@yahoo.com,89008,"Produce, ","Apple, Baby Red Russian Kale, Basil, Beet, Carrot, Chard, Crookneck, Cucumber, Daikon, Dill, Garlic-Hardneck, Pepper-Bell, Turnip, Lettuce-Blend/mix, Spinach, Cilantro, Parsley, Herbs, Tomato, Pumpkin-Pie, Squash, Blackberries, Cucumber, Garlic Chives, Pak Choi, Peach, Kohlrabi, Pepper-hot, "
797,2015,2021,J&T Minifarm,,Pahrump,jabobrosky@gmail.com,89048,"Produce, Poultry, Eggs, ","Tomato, Tomatillo, Jalapeno, Green Beans, Corn, Pepper-Bell, Watermelon, Strawberry, Artichoke, Zucchini, Cucumber, "
106,2014,2021,CAMPIE'S LAVENDER PATCH LLC,VANCMIC-18,STAGECOACH,campieslavenderpatch@earthlink.net,89429,"Floriculture, Bees, ",
108,2013,2021,Lotspeich Family Farm,LOTSLES-18,Deeth,llotspeich@yahoo.com,89823,"Cattle, Sheep, Produce, ","Basil, Artichoke, Beans (harvested green, Beet, Beet greens, Broccoli, Buttercup, Cabbage, Cantaloupe, Carrot, Cauliflower, Chard, Cherry, Chinese Cabbage, Cilantro, Dill, Chervil, Cucumber, Eggplant, Corn, Currant, Garlic-Hardneck, Tomato, Lettuce-Bibb, Lettuce-Blend/mix, Lettuce-Butterhead, Lettuce-Green leaf , Lettuce-Head, Lettuce-Red leaf, Kale, Onion, Spinach, Pumpkin, Zucchini, Pepper-Bell, Pepper-Sweet, Asian Greens , Strawberry, Raspberry-Red, Watermelon, Radish, Orach, Buttercup, Pea, Pumpkin-Specialty, Apple, Gooseberry, Lettuce-Blend/mix, Rhubarb, Tomato, Strawberry, Chard, Asparagus, Blueberries, Cilantro, Baby Red Russian Kale, Cut flowers, Husk Cherry, Green Butterhead Lettuce, Herbs, Kohlrabi, Pepper-hot, Pepper-Sweet, "
287,2010,2021,Hall's Honey,,Yerington ,Dgilmore88@yahoo.com,89447,"Bees, ",
1209,2009,2021,Ninja Greens,,Boulder City,ninjagreensbc@gmail.com,89005,"Produce, ","Beet, Radish, Cilantro, Arugula, Microgreens, Kohlrabi, Sunflower, Crimson clover, Herbs, Kale, Broccoli, Cabbage, Amaranth, Pea, Wheatgrass, "
296,2008,2021,Ry-Bird Ranch LLC.,SMITSHE-18,Washoe Valley,SheaClarkSmith@aol.com,89511,"Eggs, Bees, ",
629,2007,2021,Rusty Blossom Ranch,629,Sandy Valley,robert@lasvegashabitat.org,89019,"Eggs, ",
180,2005,2021,Hyde's Microgreens LLC,hydepat,Dayton,phyde90@yahoo.com,89403,"Produce, ","Microgreens, "
219,1996,2021,LV BEES,SHARDAV18,Henderson,lvbees@gmail.com,89012,"Bees, ",
1415,1995,2021,Wallis Farms ,,Pahrump,Wallisfamfarm@gmail.com,89060,"Produce, Eggs, ","Arugula, Pepper-Bell, Pepper-hot, Pepper-Sweet, Tomato, Tomatillo, Eggplant, Lettuce, Cabbage, Broccoli, Brussels Sprouts, Carrot, Okra, Cauliflower, Watermelon, Luffa, Green Beans, Pea, Microgreens, Cucumber, Beet, Husk Cherry, Squash, Zucchini, Leeks, Onion, Cantaloupe, Pumpkin, Basil, Dill, Herbs, Cut flowers, Sunflower, "
689,1993,2021,C Bees High Desert Honey,NASHCHA,Washoe Valley,cbeeshoneyco@gmail.com,89704,"Bees, ",
468,1992,2021,John's Garden,ENDTJOH,MINDEN,jendter@outlook.com,89423,"Produce, Bees, ","Tomato, Squash, Onion, Garlic-Softneck, "
121,1991,2021,Silver Run,,Las Vegas,kmontuori7@gmail.com,89131,"Produce, Agritourism, ","Pomegranate, "
939,1990,2021,Las Vegas Rainbow Eggs Farm,BRADMAR,Las Vegas,nvdrac@yahoo.com,89149,"Goats, Poultry, Eggs, ",
161,1989,2021,Herbs by Diane,GREEDIA-19,Boulder City,dianegreene2@cox.net,89005,"Produce, Eggs, ","Arugula, Asian Greens , Asparagus, Basil, Bay Laurel Tree, Bean, Beans (harvested green, Beet, Beet greens, Calendula, Carrot, Chamomile, Chard, Chervil, Chicory, Chili pepper, Cilantro, Crookneck, Cucumber, Cut flowers, Daikon, Dill, Eggplant, Endive, Fava Greens, Fennel, Fenugreek, Fig, Garlic Chives, Garlic-Hardneck, Gourd, Herbs, Jerusalem Artichoke, Kale, Lavender, Lemon Balm, Lettuce, Luffa, Lemongrass, Mache, Microgreens, Mizuna, Mustard, Parsley, Onion, Patty pan, Pea, Pea Shoots, Pepper-Sweet, Pomegranate, Potato-Red, Potato-White, Pumpkin, Purslane, Petite Red Shiso, Petite Red Vein Sorrel, Radish, Scallion, Sorrel, Squash Blossoms, Sunflower Greens, Sweet potato, Tomato, Wheatgrass, winter squash, Zucchini, Amaranth, Almonds, Edible Flowers, "
193,1987,2021,Big Moose Honey,MORRPER-19,Fernley,Terriandperry@sbcglobal.net,89408,"Bees, ",
276,1986,2021,Meadow Valley Farm,OMERBRY-18,Moapa,meadowvalleycsa@gmail.com,89025,"Goats, Swine, Produce, Poultry, Eggs, ","Zucchini, Apricot, Artichoke, Asparagus, Basil, Beans (harvested green, Beet, Broccoli, Brussels Sprouts, Bak Choi, Cabbage, Calendula, Cantaloupe, Carrot, Cauliflower, Celery, Chard, Chinese Cabbage, Collard Greens, Crookneck, Cucumber, Eggplant, Garlic Chives, Garlic-Hardneck, Gogi Berry, Herbs, Kale, Grape, Lettuce, Leeks, Microgreens, Onion, Kohlrabi, Pea, Mache, Peach, Pepper-Bell, Pepper-hot, Pepper-Sweet, Pomegranate, Pumpkin, Purslane, Radish, Rhubarb, Squash, Sweet potato, Spinach, Turnip, Potato, Melon, Asian Greens , Parsnip, winter squash, Okra, Tomato, "
662,1985,2021,Plant Love Homestead ,733,Fallon,plantlove2@gmail.com,89406,"Cattle, Goats, Produce, Poultry, Eggs, ","Cucumber, Baby Red Russian Kale, Beans (harvested green, Beet, Chives, Cilantro, Corn, Cut flowers, Garlic Chives, Garlic-Softneck, Gogi Berry, Kale, Spinach, Tomatillo, Tomato, Chard, Herbs, Strawberry, Pepper-hot, Green Onions, Onion, Squash, Squash Blossoms, Sunflower, Watercress, Watermelon, Sunchokes, Radish, Turnip, Brussels Sprouts, Broccoli, Cabbage, Apple, Artichoke, Carrot, Squash, Dandelion, Sunflower, Potato, Cherry, Tumeric, Ginger, Rhubarb, Melon, Blueberries, Raspberry-Red, Sweet potato, Plum, Grape, "
248,1984,2021,Patty's Bizzy Bees,WHITPAT-19,Fernley,GrovyGreenchick@aol.com,89408,"Bees, ",
1413,1981,2021,"Urban Fresh Farms Operating, LLC",,Las Vegas,Mark.Engler@cactusfeeders.com,89103,"Hydroponics, ","Microgreens, "
1409,1977,2021,Brady farms,,Reno,lioffroad@gmail.com,89508,"Eggs, ",
84,1976,2021,Flying Fossil Farm,BROWJES-19,Reno,jessilbrown@gmail.com,89519,"Eggs, ",
437,1970,2021,Loving Ewe Farm ,PESEPAM,Gardnerville,Pamelapesenti@gmail.com,89410,"Produce, Eggs, Bees, ","Carrot, Apple, Beans (harvested green, Cucumber, Gogi Berry, Pepper-Bell, Potato-Red, Asparagus, Broccoli, Cilantro, Corn, Garlic-Hardneck, Lettuce-Romaine, Lettuce-Bibb, Onion, Potato-Russet, Zucchini, Pluot, Radish, Scallion, Sunflower, Heirloom, Artichoke, Cabbage, Cauliflower, Bak Choi, Basil, Cantaloupe, Jalapeno, "
1401,1966,2021,Whistling Wings Homestead,,Fallon,jdsdkd@sbcglobal.net,89406,"Eggs, ",
1395,1958,2021,"Carson Valley Meats, Inc",,Gardnerville,karin@carsonvalleymeats.com,89460,"Cattle, Goats, Sheep, Swine, Poultry, Eggs, ",
1157,1956,2021,Zoot poltry company,1634,Spring Creek,zootpc@gmail.com,89815,"Produce, Poultry, Eggs, ","Herbs, Tomato, Lettuce-Blend/mix, Pepper-Sweet, Strawberry, "
419,1953,2021,RNG Farms LLC,,Pahrump,rng.farms@gmail.com,89060,"Produce, Poultry, Eggs, ","Mint, Tomato, Basil, Herbs, Edible Flowers, Lavender, Lemongrass, Other, Corn, Squash, Watermelon, Zucchini, "
102,1950,2021,Sunset Vista Farm,102,Fallon,brucecoon@live.com,89406,"Bees, ",
1261,1948,2021,Mohave Mushrooms,,Las Vegas,sifujordan@gmail.com,89141,"Produce, ","Mushrooms , Mushrooms , "
1389,1946,2021,Mushrooms and Microgreens,,Henderson,qrturner3@gmail.com,89012,"Produce, Hydroponics, ","Mushrooms , Microgreens, "
1388,1945,2021,Angels Haven Charity Corp.,1388,LAS VEGAS,madelinekelley13@gmail.com,89102,"Produce, Hydroponics, ","Potato-Yellow, Potato-Russet, Lettuce-Blend/mix, Herbs, Tomato, Pepper-Bell, Green Onions, "
1090,1943,2021,Sundown Mushrooms LLC,1511,Las Vegas,sundownmushrooms@gmail.com,89017,"Aeroponics, ","Mushrooms , "
89,1942,2021,Welcome Lavender,DANSMIC-19,Reno,welcomelavender@att.net,89511,"Floriculture, ","Lavender, "
1386,1941,2021,Yellow Cat Farms LLC,,Yerington,searbydonna@gmail.com,89447,"Produce, Forage, Certified Organic, ","Alfalfa, Beans (harvested green, Pepper-hot, Chard, Tomato, "
708,1939,2021,Sincity Micro`s,908,Las Vegas,house6922@yahoo.com,89120,"Produce, Eggs, ","Okra, Pepper-Bell, Pepper-hot, Pepper-Sweet, Tomato, Cucumber, Zucchini, Carrot, Beet, Beans (harvested green, Eggplant, Malabar, Radish, "
1384,1938,2021,Timmy Lyn DeLong,,Winnemucca,timmylyndelong@gmail.com,89445,"Produce, ","Beet, Cabbage, Carrot, Beans (harvested green, Corn, Cucumber, Green Beans, Horseradish, Husk Cherry, Lettuce-Blend/mix, Melon, Pea, Pepper-Sweet, Pepper-hot, Pepper-Bell, Potato, Pumpkin, Radish, Rhubarb, Spinach, Squash, Sunflower, Tomatillo, Various Greens, Tomato, winter squash, Watermelon, Zucchini, "
406,1937,2021,Gilcrease Orchard,781,Las Vegas,mark@thegilcreaseorchard.org,89131,"Produce, Agritourism, Eggs, Bees, ","Apple, Apricot, Plum, Peach, Pear, Pomegranate, Eggplant, Squash, Tomato, Melon, Cucumber, Corn, Asparagus, Pea, Carrot, Beet, Various Greens, Sweet potato, Pumpkin, Potato, Pluot, Radish, Pepper-Bell, Garlic-Hardneck, Garlic-Softneck, Pepper-hot, Sunflower, Blackberries, Pluot, "
100,1936,2021,Pleasant Valley Farm,1388,Reno,ctaylor2130@charter.net,89521,"Produce, ","Carrot, Radish, Onion, Pepper-Bell, Pepper-hot, Cucumber, Zucchini, Squash, Garlic-Hardneck, Scallion, Lettuce-Blend/mix, Chard, Kale, Spinach, Tomato, Basil, Beet, Cilantro, Dill, Parsley, Pumpkin-Ornamental, Pumpkin, Sorrel, "
1301,1932,2021,Coyote Farms,,Pahrump,kevjriley@yahoo.com,89048,"Produce, Hydroponics, ","Squash, Watercress, Tomato, Pea, Kale, Zucchini, Carrot, Radish, Pepper-hot, Pepper-Sweet, Brussels Sprouts, Parsley, "
63,1927,2021,First Fruits Sustainable Farms,COVEMAR-18,FALLON,firstfruitsfallon@yahoo.com,89407,"Cattle, Sheep, Swine, Produce, Grains, Poultry, Eggs, Bees, ","Bean, Beet, Cantaloupe, Carrot, Chard, Cilantro, Corn, Cucumber, Cut flowers, Daikon, Dill, Eggplant, Garlic-Softneck, Kale, Lettuce-Blend/mix, Lettuce-Head, Okra, Onion, Pak Choi, Pea, Pepper-Bell, Pickling , Potato, Pumpkin, Radish, Squash, Spinach, Strawberry, Tomato, Turnip, Watermelon, Zucchini, Wheat (grain), Basil, Herbs, Arugula, Leeks, Asian Greens , "
1298,1926,2021,Harris Market Garden ,,reno,mattkharriscre@gmail.com,89506,"Produce, ","Garlic-Elephant, Garlic-Hardneck, Lettuce, Tomato, Pepper-hot, Onion, Arugula, Baby Red Russian Kale, Spinach, Carrot, Green Beans, Turnip, "
1375,1924,2021,Atomic Mushrooms,1924,Henderson,atomicmushrooms@yahoo.com,89011,"Produce, ","Mushrooms , "
1111,1916,2021,2v3 ,1561,Winnemucca ,2v3Farm@gmail.com,89445,"Produce, ","Melon, Zucchini, Squash, Potato-Yellow, Potato-Red, Potato-Russet, Pepper-Bell, Pepper-hot, Green Beans, Corn, Basil, Parsley, Cilantro, Onion, Broccoli, Cauliflower, Tomato, Field pea, Eggplant, Sunflower, Cucumber, "
605,1913,2021,Happy Bee Farm,1345  605,Crescent Valley,hnddgr@yahoo.com,89821,"Swine, Produce, Poultry, Eggs, Bees, ","Apple, Peach, Apricot, Plum, Nectarine, "
1080,1909,2021,Life on the Grow,,Henderson,LifeontheGrow@yahoo.com,89012,"Produce, ","Microgreens, "
1297,1908,2021,Mother Earth Farm,,North Las Vegas ,Jasonkoga77@gmail.com,89030,"Produce, Hydroponics, Aeroponics, ","Basil, Cilantro, Kale, Lettuce-Green leaf , Mustard Greens, Lettuce-Red leaf, "
1299,1905,2021,The Radish Hotel,,Sparks,jonestwin@gmail.com,89431,"Produce, Eggs, ","Tomato, Kale, Chard, Green Beans, Pea, Pepper-Bell, Pepper-hot, winter squash, Squash, Zucchini, Carrot, Radish, Cucumber, Eggplant, Lettuce-Blend/mix, Okra, Herbs, Tomatillo, Corn, Watermelon, Collard Greens, Cauliflower, Chard, Plum, Tatsoi, Broccoli, Cabbage, Onion, Strawberry, "
1364,1904,2021,Primetimefarms,Griffin-15,Pahrump,Primetimefarms@gmail.com,89060,"Produce, Eggs, ","Apple, Peach, Cherry, Herbs, Lettuce, Kale, Mustard Greens, Leeks, Onion, Arugula, Sunchokes, Potato, Shallots, Cabbage, Pea, Celery, Grape, Grape, Garlic-Hardneck, Tomato, Squash, Fennel, Spinach, winter squash, Pepper-hot, Eggplant, Bean, Okra, "
1363,1903,2021,Lovelace Family Farm,,Pahrump,Lovelacefamilyfarm@hotmail.com,89060,"Eggs, ",
1362,1902,2021,MYKO Greens,,North Las Vegas,mykogreens@gmail.com,89031,"Produce, ","Microgreens, "
1300,1899,2021,Beyond greens lv,,Las Vegas ,Lubsyko29@gmail.com,89104,"Produce, ","Sunflower, Radish, Lettuce-Blend/mix, Amaranth, Chard, Pea Shoots, Arugula, Beet, Broccoli, Cabbage, Microgreens, "
1024,1895,2021,Las Vegas Mushrooms,1024,Henderson,apursell@phre.net,89052,"Produce, ","Mushrooms , "
1069,1893,2021,"Carson Valley Meats, Inc",,Gardnerville,karin@carsonvalleymeats.com,89460,"Cattle, Goats, Sheep, Swine, Produce, Poultry, Eggs, ","Garlic-Hardneck, Pumpkin, "
1356,1892,2021,Vegas Valley Mushrooms,,N Las Vegas,david-1991@live.com,89084,"Produce, ","Mushrooms , "
762,1891,2021,Valley Farms,,Minden,valleyfarmsnv@yahoo.com,89423,"Produce, Eggs, ","Cucumber, Pumpkin-Carving, Corn, Zucchini, Squash, Pepper-Bell, Jalapeno, Green Beans, Mint, Cherry, Tomato, Amaranth, Baby Bak Choy, Pea, Cilantro, Parsley, Carrot, Sunflower, Basil, Arugula, Onion, Radish, Spinach, Chives, "
1355,1890,2021,Washoe Valley Mushrooms,,Washoe Valley,mushrooms@washoevalleymushrooms.com,89704,"Produce, ","Mushrooms , "
1352,1887,2021,The Valencia Ranch,,Dayton,missambervalencia@gmail.com,89403,"Produce, Eggs, ","Apple, Beans (harvested green, Cabbage, Carrot, Cherry, Corn, Cilantro, Green Onions, Pumpkin-Carving, Watermelon, Honeydew, Cucumber, Lettuce-Blend/mix, Luffa, Tomato, Tomatillo, Chili pepper, Sunflower, Jicama, Radish, Strawberry, Grape, "
1351,1886,2021,"Deeply Rooted Farms, LLC",,Yerington,deeplyrootedfarmsnv@gmail.com,89447,"Produce, Eggs, ","Lavender, "
1268,1880,2021,Desert Fresh Microgreens,,Las Vegas,sandratrujillo9@gmail.com,89119,"Produce, ","Microgreens, Sprouts, Sunflower, Wheatgrass, Corn Shoots, Pea Shoots, "
1339,1872,2021,French Family Ranch,,RENO,frenchfamilyranch@icloud.com,89510,"Cattle, Goats, Dairy, Swine, Poultry, Eggs, ",
982,1868,2021,Herban Farms LV,,Las Vegas,chris@herbanfarmslv.com,89148,"Produce, Hydroponics, Aeroponics, Certified Organic, ","Pear, Chili pepper, Pepper-hot, Basil, Tomato, "
1323,1854,2021,Rosestead,1323,Pahrump,rosesteadnv@gmail.com,89048,"Produce, Eggs, ","Microgreens, "
1275,1853,2021,DG Ventures llc,,Pahrump,commonneed@gmail.com,89060,"Produce, Hydroponics, ","Watermelon, Corn, Zucchini, Jalapeno, Pepper-hot, Pepper-Bell, Tomato, Basil, Chives, Cilantro, Herbs, Microgreens, Parsley, "
1318,1848,2021,collines de baies,,Fallon,cyndy.egg@gmail.com,89406,"Produce, Forage, Floriculture, Eggs, ","Apple, Pear, Peach, Nectarines, Fig, Cherry, Apricot, Walnut, Almonds, Plum, Alfalfa, Mullberry, Raspberry-Black, Raspberry-Red, Gooseberry, Currant, Shallots, Blackberries, Strawberry, Herbs, Asian Greens , Red Butterhead Lettuce, Cucumber, Beet, Horseradish, Potato, Garlic Chives, Garlic-Hardneck, Garlic-Elephant, Garlic-Softneck, Onion, "
1259,1847,2021,Four Ducks Farm,,Fallon,fourducksfarm@gmail.com,89406,"Goats, Sheep, Produce, Poultry, Eggs, ","Grape, Garlic-Hardneck, Carrot, Asian Greens , Spinach, Turnip, Squash, "
1316,1845,2021,Uncle Keems Backyard,,Las Vegas,djkeemo@gmail.com,89142,"Produce, ","Kale, Lettuce-Blend/mix, Tatsoi, Radish, "
1312,1838,2021,Bijou's Blooms,,FALLON,sheribijou@gmail.com,89406,"Produce, Aeroponics, Floriculture, ","Annual, Cut flowers, Apple, Arugula, Basil, Beet, Beet greens, Cantaloupe, Carrot, Chives, Cucumber, Dill, Edible Flowers, Fresh , Fresh eating, Green Butterhead Lettuce, Greenhouse, Heirloom, Herbs, Honeydew, Lemon Balm, Lettuce, Melon, Microgreens, Nectarines, Onion, Petite Lemon Balm, Radish, Sunflower, Strawberry, Tomato, winter squash, "
1309,1835,2021,Healing earth farms ,,Pahrump ,Healingearthfarmsnv@gmail.com,89048,"Produce, ","Lettuce, Arugula, Spinach, Kale, Asian Greens , Carrot, Beet, Turnip, Eggplant, Tomato, Chili pepper, Squash, Microgreens, "
